{"UCgAO754g9e3zwtyQGlfoqEg": [1.0, 1, 100.0], "UClJWt3Qm1482-6hteliV26A": [1.0, 1, 100.0], "UCZMFJ5xqrihVch2r-ujCDfA": [18.0, 50, 36.0], "UC88PmB8BA8uoTm6yevQkLUQ": [1.0, 2, 50.0], "UC0aScUpD2eIFPRPbjcbapIg": [1.0, 1, 100.0], "UC1HlxQObFheA6fW-xfXeY1g": [1.0, 1, 100.0], "UC2i4zxEDw1XwHFtY4Vlzc-Q": [4.0, 5, 80.0], "UCFqanUMpCMh54RmqRFh8hZw": [1.0, 1, 100.0], "UCr_Q3aWAz00vUEfca7Lw2Bw": [1.0, 1, 100.0], "UC29st7hpURX7Q--ikOqSqdw": [1.0, 1, 100.0], "UC6YesFz-e2fE8Gglxsvbflw": [1.0, 1, 100.0], "UCJRgdU8QeOEh_kWeSacCvUg": [2.0, 5, 40.0], "UCcuwGE7nBdDkHAxLNdmsetQ": [1.0, 2, 50.0], "UCiOhjLaUTA8vDCT1FWBxVHg": [1.0, 1, 100.0], "UCkVbMXrd2EXzM9sABcWTjEg": [12.0, 14, 85.71428571428571], "UCZvdNECgcn5UzGE8d01FzLw": [1.0, 1, 100.0], "UCom7mj2prVZhCe3rnh_oU6w": [2.0, 3, 66.66666666666666], "UCJf_jzQuav0gEx4Xm64Jbkw": [1.0, 2, 50.0], "UCY__JXfCOJbuR-_7Nfsw0Pg": [1.0, 1, 100.0], "UCmTXkrOZMDPFNbqKcVBrogA": [1.0, 1, 100.0], "UCbozz7rMRwN0938oyHfhsng": [1.0, 2, 50.0], "UC6R67O-pgg-uCvKgcdZpDBg": [2.0, 3, 66.66666666666666], "UCD39F5xPPJixJgfR5vvXkfA": [1.0, 1, 100.0], "UCAPu9vozdGPktYSzUb42ysw": [1.0, 1, 100.0], "UCYjmZOHABanxsYpr0EXFiNQ": [1.0, 1, 100.0]}